{
    "epoch": 3.2,
    "eval_loss": 0.08391360193490982,
    "eval_runtime": 3127.1623,
    "eval_samples_per_second": 7.493,
    "eval_steps_per_second": 0.117,
    "eval_wer": 5.754409897414504,
    "train_loss": 0.024749002781091257,
    "train_runtime": 101889.8071,
    "train_samples_per_second": 6.281,
    "train_steps_per_second": 0.049
}